card_id,series_id
3411,2
3412,2
3413,2
3414,2
3415,2
3416,2
3417,2
3418,2
3419,2
3420,2
3421,2
3422,2
3423,2
3424,2
3425,2
3426,2
3427,2
3428,2
3429,2
3430,2
3431,2
3432,2
3433,2
3434,2
3435,2
3436,2
3437,2
3438,2
3439,2
3440,2
3441,2
3442,2
3443,2
3444,2
3445,2
3446,2
3447,2
3448,2
3449,2
3450,2
3451,2
3452,2
3453,2
3454,2
3455,2
3456,2
3457,2
3458,2
3459,2
3460,2
3461,2
3462,2
3463,2
3464,2
3465,2
3466,2
3467,2
3468,2
3469,2
3470,2
3471,2
3472,2
3473,2
3474,2
3475,2
3476,2
3477,2
3478,2
3479,2
3480,2
3481,2
3482,2
3483,2
3484,2
3485,2
3486,2
3487,2
3488,2
3489,2
3490,2
3491,2
3492,2
3493,2
3494,2
3495,2
3496,2
3497,2
3498,2
3499,2
3500,2
3501,2
3502,2
3503,2
3504,2
3505,2
3506,2
3507,2
3508,2
3509,2
3510,2
3511,2
3512,2
3513,2
3514,2
3515,2
3516,2
3517,2
3518,2
3519,2
3520,2
3521,2
3522,2
3523,2
3524,2
3525,2
3526,2
3527,2
3528,2
3529,2
3530,2
3531,2
3532,2
3533,2
3534,2
3535,2
3536,2
3537,2
3538,2
3539,2
3540,2
3541,2
3542,2
3543,2
3544,2
3545,2
3546,2
3547,2
3548,2
3549,2
3550,2
3551,2
3552,2
3553,2
3554,2
3555,2
3556,2
3557,2
3558,2
3559,2
3560,2
3561,2
3562,2
3563,2
3564,2
3565,2
3566,2
3567,2
3568,2
3569,2
3570,2
3571,2
3572,2
3573,2
3574,2
3575,2
3576,2
3577,2
3578,2
3579,2
3580,2
3581,2
3582,2
3583,2
3584,3
3585,3
3586,3
3587,3
3588,3
3589,3
3590,3
3591,3
3592,3
3593,3
3594,3
3595,3
3596,3
3597,3
3598,3
3599,3
3600,3
3601,3
3602,3
3603,3
3604,3
3605,3
3606,3
3607,3
3608,3
3609,3
3610,3
3611,3
3612,3
3613,3
3614,3
3615,3
3616,3
3617,3
3618,3
3619,3
3620,3
3621,3
3622,3
3623,3
3624,3
3625,3
3626,3
3627,3
3628,3
3629,3
3434,3
3630,3
3631,3
3632,3
3633,3
3634,3
3635,3
3636,3
3637,3
3638,3
3639,3
3640,3
3641,3
3642,3
3643,3
3644,3
3645,3
3646,3
3647,3
3648,3
3649,3
3650,3
3651,3
3652,3
3653,3
3654,3
3655,3
3656,3
3657,3
3450,3
3658,3
3659,3
3660,3
3661,3
3662,3
3663,3
3664,3
3665,3
3666,3
3667,3
3668,3
3669,3
3670,3
3671,3
3459,3
3672,3
3673,3
3674,3
3675,3
3676,3
3677,3
3678,3
3679,3
3680,3
3681,3
3682,3
3683,3
3684,3
3685,3
3686,3
3687,3
3688,3
3689,3
3690,3
3691,3
3692,4
3693,4
3694,4
3695,4
3696,4
3697,4
3698,4
3699,4
3700,4
3701,4
3702,4
3703,4
3704,4
3705,4
3706,4
3707,4
3708,4
3709,4
3710,4
3711,4
3712,4
3713,4
3714,4
3715,4
3716,4
3717,4
3718,4
3719,4
3720,4
3721,4
3722,4
3723,4
3724,4
3725,4
3726,4
3727,4
3728,4
3729,4
3730,4
3731,4
3732,4
3733,4
3734,4
3735,4
3736,4
3737,4
3738,4
3739,4
3740,4
3741,4
3742,4
3743,4
3744,4
3745,4
3746,4
3747,4
3748,4
3749,4
3750,4
3751,4
3752,4
3753,4
3754,4
3541,4
3549,4
3755,5
3756,5
3757,5
3758,5
3759,5
3760,5
3761,5
3762,5
3763,5
3764,5
3765,5
3766,5
3767,5
3768,5
3769,5
3770,5
3771,5
3772,5
3773,5
3774,5
3775,5
3776,5
3777,5
3778,5
3779,5
3780,5
3781,5
3782,5
3783,5
3784,5
3785,5
3786,5
3787,5
3788,5
3789,5
3790,5
3791,5
3792,5
3793,5
3794,5
3795,5
3796,5
3797,5
3798,5
3799,5
3800,5
3801,5
3802,5
3803,5
3804,5
3805,5
3806,5
3807,5
3808,5
3809,5
3810,5
3811,5
3812,5
3813,5
3814,5
3815,5
3816,5
3817,6
3818,6
3819,6
3820,6
3821,6
3822,6
3823,6
3824,6
3825,6
3826,6
3827,6
3828,6
3829,6
3830,6
3831,6
3832,6
3833,6
3834,6
3835,6
3836,6
3837,6
3838,6
3839,6
3840,6
3841,6
3842,6
3843,6
3844,6
3845,6
3846,6
3847,6
3848,6
3849,6
3850,6
3851,6
3852,6
3853,6
3854,6
3855,6
3856,6
3857,6
3858,6
3859,6
3860,6
3861,6
3862,6
3863,6
3864,6
3865,6
3866,6
3867,6
3868,6
3869,6
3870,6
3871,6
3872,6
3873,6
3874,6
3875,6
3876,6
3877,6
3878,6
3879,6
3422,6
3880,6
3881,6
3882,6
3883,6
3884,6
3885,6
3886,6
3887,6
3888,6
3889,6
3890,6
3891,6
3892,6
3893,6
3894,6
3895,6
3896,6
3897,6
3898,6
3899,6
3900,6
3901,6
3902,6
3817,7
3903,7
3904,7
3905,7
3906,7
3584,7
3907,7
3908,7
3411,7
3909,7
3910,7
3412,7
3911,7
3912,7
3413,7
3913,7
3914,7
3414,7
3915,7
3916,7
3818,7
3917,7
3753,7
3918,7
3919,7
3920,7
3921,7
3922,7
3923,7
3924,7
3925,7
3926,7
3927,7
3928,7
3929,7
3930,7
3931,7
3415,7
3932,7
3819,7
3933,7
3934,7
3935,7
3936,7
3937,7
3416,7
3938,7
3417,7
3939,7
3940,7
3418,7
3941,7
3942,7
3943,7
3944,7
3945,7
3419,7
3946,7
3947,7
3420,7
3421,7
3948,1
3949,1
3950,1
3951,1
3952,1
3953,1
3954,1
3955,1
3956,1
3957,1
3958,1
3959,1
3960,1
3961,1
3962,1
3963,1
3964,1
3965,1
3966,1
3967,1
3968,1
3969,1
3970,1
3971,1
3972,1
3973,1
3974,1
3975,1
3976,1
3977,1
3978,1
3979,1
3980,1
3981,1
3982,1
3983,1
3984,1
3985,1
3986,1
3987,1
3988,1
3989,1
3990,1
3991,1
3992,1
3993,1
3994,1
3995,1
3996,1
3997,1
3998,1
3999,1
4000,1
4001,1
4002,1
4003,1
4004,1
4005,1
4006,1
4007,1
4008,1
4009,1
4010,1
4011,1
4012,1
4013,1
4014,1
4015,1
4016,1
4017,1
4018,1
4019,1
4020,1
4021,1
4022,1
4023,1
4024,1
4025,1
4026,1
4027,1
4028,1
4029,1
4030,1
4031,1
4032,1
4033,1
4034,1
4035,1
4036,1
4037,1
4038,1
4039,1
4040,1
4041,1
4042,1
4043,1
4044,1
4045,1
4046,1
4047,1
4048,1
4049,1
4050,1
4051,1
4052,1
4053,1
4054,1
4055,1
4056,1
4057,1
4058,1
4059,1
4060,1
4061,1
4062,1
4063,1
4064,1
4065,1
4066,1
4067,1
3904,1
4068,1
4069,1
4070,1
4071,1
4072,1
4073,8
4074,8
4075,8
4076,8
4077,8
4078,8
4079,8
4080,8
4081,8
4082,8
4083,8
4084,8
4085,8
4086,8
4087,8
4088,8
4089,8
4090,8
4091,8
4092,8
4093,8
4094,8
4095,8
4096,8
4097,8
4098,8
4099,8
4100,8
4101,8
4102,8
4103,8
4104,8
4105,8
4106,8
4107,8
4108,8
4109,8
4110,8
4111,8
4112,8
4113,8
4114,8
4115,8
4116,8
4117,8
4118,8
4119,8
4120,8
4121,8
4122,8
4123,8
4124,8
4125,8
4126,8
4127,8
4128,8
4129,8
4130,8
4131,8
4132,8
4133,8
4134,8
4135,8
4136,8
4137,8
4138,8
4139,8
4140,8
4141,8
4142,8
4143,8
4144,8
4145,8
4146,8
4147,8
4148,8
4149,8
4150,8
4151,8
4152,8
4153,8
4154,8
4155,8
4156,8
4157,8
4158,8
4159,8
4160,8
4161,8
4162,8
4163,8
4164,8
4165,8
4166,8
4167,8
4168,8
4169,8
4170,8
4171,8
4172,8
4173,8
4174,8
4175,8
4176,8
4177,8
4178,8
4179,8
4180,8
4181,8
4182,8
4183,8
4184,8
4185,8
4186,8
4187,8
4188,8
4189,8
4190,8
4191,8
4192,8
3847,8
4193,8
3475,8
3485,8
3487,8
4194,8
4195,8
4196,8
4197,9
4198,9
4199,9
4200,9
4201,9
4202,9
4203,9
4204,9
4205,9
4206,9
4207,9
4208,9
4209,9
4210,9
4211,9
4212,9
4213,9
4214,9
4215,9
4216,9
4217,9
4218,9
4219,9
4220,9
4221,9
4222,9
4223,9
4224,9
4225,9
4072,9
4226,9
4227,9
4228,9
4229,9
4230,9
4231,9
4232,9
4233,9
4234,9
4235,9
4236,9
4237,9
4238,9
4239,9
4240,9
4241,9
4242,9
4243,9
4244,9
4245,9
4246,9
4247,9
4248,9
4249,9
4250,9
4251,9
4252,9
4253,9
4254,9
4255,9
4256,9
4257,9
4258,9
4259,9
4260,9
4261,9
4262,9
4263,9
4264,9
4265,9
4266,9
4267,9
4268,9
4269,9
4270,9
4271,9
4272,9
4273,9
4274,9
4275,9
4276,9
4277,9
4278,9
4279,9
4280,9
4281,9
4282,9
4283,9
4284,9
4285,9
4286,9
4287,9
4288,9
4289,9
4290,9
4291,9
4292,9
4293,9
4294,9
4295,9
4296,9
4297,9
4298,9
4299,9
4300,9
4301,9
4302,9
4303,9
4304,9
4305,9
4306,9
4307,9
4308,9
4309,9
4310,9
4311,9
4312,9
4313,9
4314,9
4315,9
4316,9
4317,9
3505,9
4318,9
4319,9
4320,9
4321,10
4322,10
4323,10
4324,10
4325,10
4326,10
4327,10
4328,10
4329,10
4330,10
4331,10
4332,10
4333,10
4334,10
4335,10
4336,10
4337,10
4338,10
4339,10
4340,10
4341,10
4342,10
4343,10
4344,10
4345,10
4346,10
4347,10
4348,10
4349,10
4350,10
4351,10
4352,10
4353,10
4354,10
4355,10
4356,10
4357,10
4358,10
4359,10
4360,10
4361,10
4362,10
4363,10
4364,10
4365,10
4366,10
4367,10
4368,10
4369,10
4370,10
4371,10
4372,10
4373,10
4374,10
4375,10
4376,10
4377,10
4378,10
4379,10
4380,10
4381,10
4382,10
4383,10
4384,10
4385,10
4386,10
4387,10
4388,10
4389,10
4390,10
4391,10
4392,10
4393,10
4394,10
4395,10
4396,10
4397,10
4398,10
4399,10
4400,10
4401,10
4402,10
4403,10
4404,10
4405,10
4406,10
4407,10
4408,10
4409,10
4410,10
4411,10
4412,10
4413,10
4414,10
4415,10
4416,10
4417,10
4418,10
4419,10
4420,10
4421,10
4422,10
4423,10
4424,10
4425,10
3754,10
4426,10
4427,10
4428,10
4429,10
4430,10
4431,10
4432,10
4433,10
4434,10
4435,10
4436,10
4437,10
4438,10
3419,10
3652,10
3460,10
4439,10
3486,10
3573,10
4440,10
4441,11
4442,11
4443,11
4444,11
4445,11
4446,11
4447,11
4448,11
4449,11
4450,11
3509,11
4451,11
4452,11
4453,11
4454,11
4455,11
4456,11
3510,11
4457,11
4458,11
4459,11
4460,11
4461,11
4462,11
4463,11
4464,11
4465,11
4466,11
4467,11
4196,11
4468,11
3511,11
4469,11
4470,11
4471,11
4472,11
4473,11
4474,11
4475,11
4476,11
4477,11
4478,11
4479,11
4480,11
4481,11
3512,11
4482,11
4483,11
4484,11
4485,11
4486,11
4487,11
4488,11
4489,11
4490,11
4491,11
4492,11
4493,11
4494,11
4495,11
4496,11
4497,11
4498,11
4499,11
4071,11
4500,11
4501,11
4502,11
4503,11
4504,11
4505,11
4506,11
4507,11
4508,11
4509,11
4510,11
4511,11
4512,11
3513,11
4513,11
4514,11
4318,11
4515,11
4516,11
4517,11
4518,11
4519,11
4520,11
4521,11
4522,11
4523,11
4524,11
4525,11
4526,11
3514,11
4527,11
4528,11
4529,11
4530,11
4531,11
4532,11
4533,11
4534,11
4535,11
3515,11
4536,11
4537,11
3516,11
3517,11
4538,11
4539,11
3518,11
4540,11
3519,11
4541,11
4542,11
4543,11
4544,11
3520,11
3945,11
3464,11
4545,11
4546,11
3571,11
3578,11
4547,12
3484,12
4548,12
3485,12
3486,12
4549,12
4550,12
4551,12
3487,12
4552,12
4553,12
4554,12
4316,12
3488,12
4555,12
4556,12
4557,12
4558,12
4559,12
3489,12
4560,12
4561,12
4562,12
4563,12
4564,12
4565,12
3490,12
4566,12
4567,12
4568,12
4569,12
4570,12
3491,12
4571,12
4572,12
4573,12
4317,12
4574,12
4575,12
4576,12
4577,12
4578,12
4579,12
4580,12
4581,12
3492,12
4582,12
3493,12
4583,12
4584,12
4070,12
4585,12
4586,12
4587,12
4588,12
3494,12
3495,12
4589,12
4590,12
4591,12
4592,12
4593,12
4594,12
4595,12
3496,12
4596,12
4597,12
4598,12
3497,12
4599,12
4600,12
3498,12
4601,12
4602,12
4603,12
3499,12
3500,12
3501,12
3502,12
4604,12
4605,12
4606,12
4607,12
3503,12
4608,12
3504,12
4609,12
4610,12
4611,12
4612,12
4613,12
4614,12
3505,12
4615,12
4616,12
3506,12
3507,12
3508,12
4617,12
4618,12
4619,12
4620,12
4621,12
4622,12
4623,12
4624,12
4625,12
4626,12
4627,12
4628,12
4629,12
4630,12
4631,12
4632,12
4633,12
4634,12
4635,12
4194,12
4195,12
4636,12
4637,12
4638,12
3652,12
3462,12
4639,12
4640,12
3897,13
3898,13
4641,13
4642,13
4643,13
4644,13
4645,13
4646,13
4647,13
4648,13
4649,13
4650,13
4651,13
4652,13
4653,13
4654,13
4655,13
4656,13
4657,13
4658,13
3899,13
4659,13
3477,13
4660,13
4661,13
4662,13
4663,13
4664,13
4665,13
4666,13
4667,13
4668,13
4669,13
4670,13
4671,13
4672,13
4673,13
4674,13
4675,13
4676,13
4677,13
4678,13
4679,13
4680,13
4681,13
4682,13
4683,13
4684,13
4685,13
4686,13
4687,13
4688,13
4689,13
4690,13
4691,13
4692,13
3900,13
3901,13
4693,13
4694,13
4695,13
4696,13
4697,13
4698,13
4699,13
4700,13
3478,13
4701,13
4702,13
4703,13
4704,13
4705,13
4706,13
3479,13
4707,13
3480,13
4708,13
4709,13
4710,13
4711,13
4712,13
4713,13
4714,13
4715,13
4716,13
4717,13
3481,13
4718,13
4719,13
4720,13
4721,13
4722,13
4723,13
4724,13
4725,13
4726,13
4727,13
3902,13
3482,13
4728,13
4729,13
4730,13
4731,13
4732,13
4733,13
4640,13
4734,13
4735,13
4736,13
4737,13
4738,13
4739,13
4740,13
4741,13
4742,13
4743,13
4744,13
3483,13
4745,13
3599,13
4746,13
3555,13
4747,13
3684,13
4748,13
3891,14
4749,14
4750,14
4751,14
4752,14
4753,14
4754,14
4755,14
4756,14
4757,14
4758,14
4759,14
4760,14
3461,14
3462,14
4761,14
3463,14
4762,14
3892,14
4763,14
3464,14
4764,14
4765,14
4766,14
4767,14
3465,14
4768,14
4769,14
3466,14
4770,14
3467,14
4771,14
4772,14
4773,14
4774,14
4775,14
4776,14
3893,14
4777,14
3468,14
4778,14
4779,14
4780,14
4781,14
4782,14
4069,14
4783,14
4784,14
4785,14
4786,14
4639,14
4787,14
4788,14
4789,14
4790,14
3469,14
4791,14
4792,14
3894,14
4793,14
4794,14
4795,14
4796,14
3470,14
4797,14
4798,14
4799,14
4800,14
4801,14
4802,14
4803,14
4804,14
4805,14
4806,14
4807,14
3471,14
4808,14
4809,14
3895,14
4810,14
4811,14
4812,14
4813,14
4814,14
4439,14
4815,14
4816,14
4817,14
4818,14
4819,14
4820,14
4821,14
4822,14
4823,14
4824,14
4825,14
3896,14
4826,14
4827,14
4828,14
4829,14
4830,14
4831,14
4832,14
4833,14
4834,14
3472,14
4835,14
3473,14
4836,14
4193,14
4837,14
4838,14
3474,14
4839,14
4840,14
4841,14
3475,14
3476,14
4842,14
4843,14
3609,14
4844,14
3644,14
4845,14
3885,15
4846,15
3653,15
4847,15
4848,15
4849,15
3446,15
4850,15
4851,15
4852,15
4853,15
4854,15
4855,15
4856,15
4857,15
4858,15
4859,15
4860,15
4861,15
3886,15
3887,15
3888,15
3654,15
4862,15
4863,15
4864,15
4865,15
4866,15
4867,15
4868,15
4869,15
4870,15
4871,15
4872,15
3655,15
3656,15
4873,15
3657,15
4874,15
4875,15
4876,15
3889,15
4877,15
3447,15
4878,15
4879,15
3448,15
4880,15
3449,15
4315,15
4881,15
4882,15
4883,15
4884,15
4885,15
3450,15
4886,15
3451,15
3452,15
3658,15
4887,15
4888,15
3453,15
3659,15
3660,15
3661,15
3662,15
3663,15
3664,15
4889,15
4890,15
4891,15
3454,15
4892,15
4893,15
3455,15
4894,15
3456,15
3665,15
3890,15
4895,15
4896,15
4897,15
4898,15
4899,15
3666,15
4900,15
4901,15
4902,15
4903,15
3667,15
4904,15
4068,15
4905,15
4906,15
4907,15
4908,15
4909,15
4910,15
3668,15
4845,15
4911,15
4912,15
4913,15
4914,15
3669,15
3457,15
4915,15
4916,15
3670,15
4917,15
4918,15
4919,15
3671,15
3458,15
4920,15
4921,15
3459,15
3460,15
3427,15
4922,15
4923,15
4924,15
4925,15
3443,15
3880,16
3881,16
4926,16
3436,16
4927,16
3635,16
3636,16
4928,16
4929,16
3637,16
4930,16
4931,16
4932,16
4933,16
3638,16
4934,16
4935,16
4936,16
4937,16
4938,16
3437,16
3882,16
4939,16
4940,16
4941,16
4942,16
4943,16
4944,16
4945,16
3438,16
4946,16
4947,16
4948,16
3639,16
4949,16
3439,16
3440,16
4950,16
4951,16
4952,16
4953,16
4954,16
3640,16
4955,16
4956,16
4957,16
4958,16
4959,16
4960,16
4961,16
4925,16
3441,16
4962,16
4963,16
4964,16
4965,16
3641,16
4966,16
4967,16
3883,16
4968,16
4969,16
4970,16
4971,16
4972,16
4973,16
4637,16
4974,16
3642,16
4975,16
4976,16
4977,16
3643,16
3644,16
4978,16
4979,16
3442,16
4980,16
4981,16
4982,16
3645,16
3646,16
4983,16
4984,16
4985,16
4986,16
4987,16
4988,16
4989,16
4990,16
3443,16
4991,16
4638,16
4992,16
4993,16
4994,16
3444,16
3884,16
4995,16
4996,16
4997,16
3445,16
4998,16
4999,16
3647,16
5000,16
5001,16
5002,16
5003,16
5004,16
5005,16
5006,16
5007,16
3648,16
3649,16
5008,16
3650,16
3651,16
3652,16
5009,16
3586,16
3597,16
5010,16
5011,16
3628,16
5012,17
5013,17
5014,17
5015,17
5016,17
5017,17
5018,17
5019,17
5020,17
5021,17
5022,17
5023,17
5024,17
5025,17
5026,17
3432,17
5027,17
5028,17
5029,17
5030,17
5031,17
5032,17
5033,17
4923,17
5034,17
5035,17
5036,17
5037,17
3624,17
5038,17
3625,17
3626,17
5039,17
5040,17
5041,17
3627,17
5042,17
5043,17
5044,17
5045,17
5046,17
5047,17
5048,17
3628,17
5049,17
5050,17
5051,17
5052,17
5053,17
5054,17
5055,17
5056,17
5057,17
5058,17
5059,17
3629,17
5060,17
5061,17
5062,17
5063,17
5064,17
5065,17
5066,17
4924,17
5067,17
5068,17
5069,17
5070,17
5071,17
5072,17
5073,17
5074,17
5075,17
5076,17
5077,17
5078,17
3433,17
5079,17
5080,17
5081,17
5082,17
5083,17
3434,17
5084,17
5085,17
5086,17
5087,17
5088,17
3630,17
5089,17
5090,17
5091,17
5092,17
5093,17
3631,17
3435,17
5094,17
5095,17
5096,17
3632,17
5097,17
5098,17
5099,17
3633,17
5100,17
5101,17
5102,17
5103,17
5104,17
5105,17
5106,17
3634,17
5107,17
5108,17
5109,17
5110,17
5111,17
5112,17
4636,17
3591,17
3595,17
3598,17
5113,17
3604,17
5114,18
5115,18
3609,18
5116,18
5117,18
5118,18
5119,18
3427,18
5120,18
5121,18
5122,18
5123,18
5124,18
5125,18
5126,18
5127,18
5128,18
5129,18
5130,18
5131,18
5132,18
5133,18
5134,18
5135,18
5136,18
5137,18
5138,18
5139,18
5140,18
5141,18
5142,18
5143,18
5144,18
5145,18
5146,18
5147,18
5148,18
5149,18
5150,18
5151,18
5152,18
5153,18
5154,18
3428,18
5155,18
5156,18
5157,18
3429,18
5158,18
5159,18
5160,18
5161,18
5162,18
5163,18
3610,18
3611,18
3612,18
5164,18
5165,18
3613,18
5166,18
5167,18
5168,18
5169,18
5170,18
5171,18
5172,18
5173,18
5174,18
5175,18
5176,18
3430,18
5177,18
5178,18
5179,18
5180,18
5181,18
4844,18
3614,18
5182,18
5183,18
5184,18
5185,18
5186,18
5187,18
5188,18
5189,18
5190,18
3615,18
5191,18
5192,18
5011,18
5193,18
3616,18
5194,18
5195,18
3431,18
5196,18
5197,18
5198,18
5199,18
5200,18
5201,18
5202,18
5203,18
5204,18
5205,18
3617,18
5206,18
3618,18
5207,18
4746,18
3619,18
4922,18
5208,18
3620,18
5209,18
5210,18
5211,18
5212,18
3621,18
3622,18
3623,18
3592,18
5009,18
5213,18
3683,18
5214,19
5215,19
5216,19
3598,19
3425,19
5217,19
5218,19
5219,19
5220,19
5221,19
5222,19
5223,19
3599,19
5224,19
3600,19
5225,19
5226,19
3601,19
5227,19
5228,19
5229,19
5230,19
5231,19
5232,19
5233,19
5234,19
5235,19
5236,19
5237,19
5238,19
5239,19
5240,19
5241,19
5242,19
5243,19
5244,19
5245,19
5246,19
5247,19
5248,19
5249,19
5250,19
5251,19
5252,19
5253,19
5254,19
5255,19
5256,19
5257,19
5258,19
5259,19
5260,19
5261,19
5262,19
5263,19
5264,19
5265,19
5266,19
5267,19
5268,19
5269,19
5270,19
5271,19
5272,19
5273,19
5274,19
5275,19
3426,19
5276,19
5277,19
5278,19
5279,19
5280,19
5281,19
5282,19
5283,19
5284,19
5285,19
5286,19
5287,19
5288,19
5289,19
5290,19
5291,19
5113,19
5292,19
5293,19
5294,19
3602,19
5295,19
5296,19
5297,19
5298,19
5299,19
5300,19
3603,19
5301,19
5302,19
3604,19
5303,19
5304,19
5305,19
5306,19
5307,19
5308,19
3605,19
5309,19
5310,19
5311,19
5312,19
5313,19
5314,19
5315,19
3606,19
5316,19
5317,19
3607,19
5318,19
5319,19
5010,19
3608,19
5320,20
5321,20
5322,20
5323,20
5324,20
3585,20
5325,20
5326,20
5327,20
5328,20
5329,20
5330,20
5331,20
5332,20
5333,20
3586,20
5334,20
5335,20
5336,20
5337,20
5338,20
5339,20
5340,20
3587,20
5341,20
5342,20
5343,20
5344,20
3588,20
5345,20
5346,20
5347,20
3589,20
5348,20
4842,20
5349,20
5350,20
5351,20
3423,20
5352,20
3590,20
5353,20
5354,20
5355,20
5356,20
5357,20
3591,20
5358,20
5359,20
5360,20
3592,20
3593,20
5361,20
5362,20
3424,20
5363,20
5364,20
5365,20
5366,20
5367,20
5368,20
5369,20
5370,20
5371,20
5372,20
5373,20
5374,20
5375,20
5376,20
3594,20
5377,20
5378,20
4843,20
5379,20
5380,20
5381,20
5382,20
3595,20
5383,20
5384,20
5385,20
5386,20
5387,20
5388,20
5389,20
5390,20
5391,20
5392,20
5393,20
5394,20
5395,20
5396,20
5397,20
5398,20
5399,20
5400,20
5401,20
5402,20
5403,20
5404,20
5405,20
5406,20
5407,20
5408,20
5409,20
5410,20
5411,20
5412,20
5413,20
5414,20
5415,20
5416,20
5417,20
5418,20
5419,20
5420,20
5421,20
5422,20
5423,20
3596,20
3597,20
5424,21
5425,21
5426,21
5427,21
5428,21
5429,21
5430,21
5431,21
5432,21
5433,21
5434,21
5435,21
5436,21
5437,21
5438,21
5439,21
5440,21
3888,22
3668,22
4912,22
4913,22
4916,22
3670,22
4918,22
4840,22
4572,22
5441,22
5442,22
5443,22
5444,22
5445,22
5446,22
4605,23
4607,23
3504,23
4610,23
4611,23
4612,23
4613,23
4616,23
4617,23
4516,23
5447,23
5448,23
5449,23
5450,23
5451,23
4972,24
4973,24
4975,24
4592,24
4594,24
4599,24
3499,24
3500,24
3501,24
3567,24
5452,24
5453,24
5454,24
5455,24
5456,24
4578,25
4579,25
4581,25
4070,25
4586,25
4587,25
4588,25
3494,25
3495,25
5457,25
5458,25
5459,25
5460,25
5461,25
5462,25
3413,26
3892,26
3464,26
4765,26
4767,26
3467,26
4772,26
4773,26
4775,26
4776,26
5463,26
5464,26
5465,26
5466,26
5467,26
4547,27
4549,27
4552,27
4553,27
4554,27
4316,27
3488,27
4555,27
4556,27
3489,27
5468,27
5469,27
5470,27
5471,27
5472,27
5473,28
5474,28
5475,28
5476,28
5477,28
5478,28
5479,28
5480,28
5481,28
5482,28
5483,28
5484,28
5485,28
5486,28
5487,28
5488,28
5489,28
5490,29
5491,29
3583,29
5492,29
5493,29
5494,29
5495,29
5496,29
5497,29
5498,29
5499,29
5500,29
5501,29
5502,29
5503,29
5504,29
5505,29
5197,30
5204,30
5205,30
3618,30
4746,30
5208,30
5210,30
3621,30
5506,30
5507,30
5508,30
5509,30
3582,30
5510,30
5511,30
5298,31
5302,31
3605,31
5310,31
5311,31
5315,31
5317,31
3607,31
3614,31
3615,31
5512,31
3581,31
5513,31
5514,31
5515,31
3883,32
4968,32
4970,32
4973,32
4637,32
4974,32
4975,32
4977,32
4979,32
5516,32
3578,32
3579,32
3580,32
4320,32
4440,32
5367,33
4843,33
5390,33
5262,33
5265,33
5517,33
5518,33
4747,33
3680,33
3681,33
5519,33
3575,33
3576,33
5520,33
3577,33
3673,34
5521,34
5522,34
5523,34
5524,34
5525,34
5526,34
5527,34
5528,34
5529,34
5530,34
5531,34
3572,34
3573,34
3574,34
5214,35
5219,35
3601,35
5227,35
5231,35
3609,35
5118,35
5119,35
5120,35
5121,35
5532,35
3571,35
5533,35
5534,35
5535,35
5536,36
5537,36
4546,36
5538,36
5539,36
5540,36
3566,36
5541,36
5542,36
3567,36
5543,36
5544,36
3568,36
5545,36
5546,36
3569,36
3570,36
5547,37
5548,37
5549,37
3561,37
5550,37
5551,37
3562,37
5552,37
5553,37
3563,37
4319,37
5554,37
5555,37
3564,37
5556,37
5441,37
5557,37
5558,37
3565,37
5559,38
5560,38
5561,38
5562,38
3559,38
5563,38
5564,38
5565,38
5566,38
5567,38
5568,38
4545,38
5569,38
3691,38
5570,38
5571,38
3560,38
5236,39
5241,39
5242,39
5243,39
5245,39
5247,39
5248,39
5249,39
5251,39
5253,39
5526,39
5572,39
5527,39
5528,39
5529,39
3586,40
5341,40
5573,40
5574,40
5575,40
5576,40
3557,40
5577,40
5578,40
3558,40
5579,40
3690,40
5580,40
5581,40
5582,40
5583,40
5584,40
5585,40
5586,40
5587,41
5588,41
5589,41
5590,41
5591,41
5592,41
5593,41
5594,41
5595,41
5596,41
5597,41
5598,41
5599,41
3689,41
5600,41
5601,42
5602,42
5603,42
5604,42
5605,42
5606,42
5607,42
5608,42
5609,42
5610,42
5611,42
5612,42
5613,42
5614,42
5615,42
5616,43
5617,43
5618,43
5619,43
5506,43
5620,43
3688,43
5621,43
5622,43
5623,43
5624,43
5625,43
5626,43
5507,43
5627,43
5628,43
5629,43
5630,44
5631,44
5632,44
5633,44
5634,44
4748,44
5635,44
3556,44
5636,44
3686,44
5637,44
5638,44
5639,44
3687,44
5640,44
5641,44
5642,44
5643,45
5644,45
5645,45
5646,45
5647,45
5648,45
5649,45
5650,45
5651,45
5652,45
5653,45
5654,45
5655,45
5656,45
5657,45
5658,45
5659,45
5660,46
5661,46
3683,46
5662,46
3684,46
5663,46
5664,46
5665,46
5666,46
5667,46
5668,46
5669,46
5670,46
5671,46
5672,46
3685,46
5673,46
5674,47
5518,47
5675,47
4747,47
3680,47
5676,47
5677,47
3681,47
5213,47
5678,47
5679,47
5680,47
3682,47
5681,47
5682,47
5683,47
5684,47
5685,48
5686,48
5687,48
3679,48
5688,48
5689,48
3555,48
5690,48
5691,48
5692,48
5693,48
5694,48
5695,48
5696,48
5697,48
5698,48
5699,48
5700,49
5701,49
5702,49
5703,49
5704,49
3677,49
5705,49
5706,49
5707,49
5708,49
3554,49
5009,49
5709,49
3678,49
5710,49
5711,49
5712,49
2303,56
2304,56
2305,56
2306,56
2307,56
2308,56
2309,56
2310,56
2311,56
2312,56
2313,56
2314,55
2315,73
2316,73
2317,72
2318,72
2319,71
2320,71
2321,71
2322,71
2323,71
2324,70
2325,70
2326,70
2327,70
2328,69
2329,69
2330,69
2331,69
2332,69
2333,69
2334,69
2335,69
2336,69
2337,69
2338,68
2339,68
2340,68
2341,68
2342,68
2343,68
2344,68
2345,68
2346,68
2347,68
2348,68
2349,68
2350,68
2351,68
2352,68
2353,67
2354,67
2355,67
2356,67
2357,67
2358,67
2359,67
2360,67
2361,67
2362,67
2363,67
2364,67
2365,67
2366,67
2367,67
2368,67
2369,62
2370,62
2371,62
2372,62
2373,62
2374,62
2375,62
2376,61
2377,61
2378,61
2379,61
2380,61
2381,61
2382,61
2383,61
2384,61
2385,61
2386,61
2387,61
2388,61
2389,61
2390,61
2391,61
2392,61
2393,61
2394,61
2395,61
2396,61
2397,61
2398,61
2399,61
2400,61
2401,60
2402,60
2403,60
2404,60
2405,60
2406,60
2407,60
2408,60
2409,60
2410,60
2411,60
2412,60
2428,51
2429,51
2430,51
2431,51
2432,51
2433,51
2434,51
2435,51
2436,51
2437,51
2438,51
2439,51
2440,51
2441,51
2442,51
2443,51
2444,51
2445,51
2446,102
2447,101
2448,97
2449,93
2450,93
2451,91
2452,91
2453,90
2454,90
2455,90
2456,90
2457,90
2458,89
2459,89
2460,89
2461,89
2462,89
2463,88
2464,87
2465,87
2466,87
2467,86
2468,86
2469,86
2470,85
2471,85
2472,85
2473,84
2474,83
2475,82
2476,56
2477,73
2478,73
2479,73
2480,73
2481,73
2482,73
2483,73
2484,73
2485,73
2486,73
2487,73
2488,73
2489,73
2490,72
2491,72
2492,72
2493,72
2494,72
2495,72
2496,72
2497,72
2498,72
2499,72
2500,72
2501,71
2502,71
2503,71
2504,71
2505,71
2506,71
2507,71
2508,71
2509,71
2510,71
2511,71
2512,71
2513,71
2514,71
2515,71
2516,70
2517,70
2518,70
2519,70
2520,70
2521,70
2522,70
2523,70
2524,70
2525,70
2526,70
2527,69
2528,69
2529,69
2530,69
2531,69
2532,69
2533,69
2534,69
2535,69
2536,69
2537,69
2538,69
2539,69
2540,69
2541,69
2542,69
2543,69
2544,69
2545,68
2546,68
2547,68
2548,68
2549,68
2550,68
2551,68
2552,68
2553,68
2554,68
2555,68
2556,68
2557,68
2558,68
2559,68
2560,68
2561,68
2562,68
2563,68
2568,52
2569,102
2570,102
2571,101
2572,100
2573,100
2574,100
2575,99
2576,99
2577,99
2578,97
2579,97
2580,96
2581,94
2582,93
2583,91
2584,54
2585,54
2586,54
2587,54
2588,54
2589,54
2590,54
2591,54
2592,54
2593,54
2594,54
2595,54
2596,54
2597,54
2598,54
2599,54
2600,54
2601,54
2602,54
2603,54
2604,54
2605,54
2606,54
2607,54
2608,54
2609,54
2610,54
2611,54
2612,54
2613,54
2614,54
2615,54
2616,54
2617,54
2618,54
2619,54
2620,54
2621,54
2622,54
2623,54
2624,54
2625,54
2626,54
2627,54
2628,54
2629,54
2630,54
2631,54
2632,54
2633,54
2634,54
2635,54
2636,54
2637,54
2638,54
2639,54
2640,54
2641,54
2642,54
2643,54
2644,54
2645,54
2646,56
2647,56
2648,56
2649,55
2650,55
2651,55
2652,55
2653,55
2654,55
2655,55
2656,55
2657,55
2658,55
2659,55
2660,55
2661,55
2662,55
2663,55
2664,55
2665,55
2666,55
2667,55
2668,55
2669,55
2670,55
2671,55
2672,55
2673,55
2674,55
2675,55
2676,55
2677,55
2678,55
2679,55
2680,55
2681,55
2682,55
2683,55
2684,55
2685,55
2686,55
2687,55
2688,55
2689,55
2690,55
2691,55
2692,55
2693,55
2694,55
2695,55
2696,55
2697,55
2698,55
2699,55
2700,55
2701,55
2702,55
2703,55
2704,55
2705,55
2706,55
2707,55
2708,55
2709,69
2710,69
2711,69
2712,69
2713,69
2714,68
2715,68
2716,68
2717,68
2718,68
2719,68
2720,67
2721,67
2722,67
2723,67
2724,67
2725,67
2726,62
2727,62
2728,62
2729,62
2730,62
2731,62
2732,56
2733,56
2734,56
2735,56
2736,56
2737,56
2738,56
2739,56
2740,56
2741,56
2742,56
2743,56
2744,56
2745,56
2746,56
2747,56
2748,56
2749,56
2750,56
2751,56
2752,56
2753,56
2754,56
2755,56
2756,56
2757,56
2758,56
2759,56
2760,56
2761,56
2762,56
2763,56
2764,56
2765,56
2766,56
2767,56
2768,56
2769,56
2770,56
2771,56
2772,56
2773,56
2774,56
2775,56
2776,56
2777,56
2778,53
2779,53
2780,53
2781,53
2782,53
2783,53
2784,53
2785,53
2786,53
2787,53
2788,53
2789,53
2790,53
2791,53
2792,53
2793,53
2794,53
2795,53
2796,53
2797,53
2798,53
2799,53
2800,53
2801,53
2802,53
2803,53
2804,53
2805,53
2806,53
2807,53
2808,53
2809,58
2810,50
2811,50
2812,50
2813,50
2814,50
2815,50
2816,50
2817,50
2818,50
2819,50
2820,50
2821,50
2822,50
2823,50
2824,50
2825,50
2826,50
2827,50
2828,50
2829,50
2830,50
2831,50
2832,50
2833,50
2834,50
2835,50
2836,50
2837,50
2838,50
2839,50
2840,50
2841,50
2842,50
2843,50
2844,50
2845,50
2846,50
2847,50
2848,50
2849,50
2850,50
2851,50
2852,50
2853,50
2854,50
2855,50
2856,50
2857,50
2858,50
2859,50
2860,50
2861,50
2862,50
2863,50
2864,50
2865,50
2866,50
2867,50
2868,50
2869,50
2870,50
2871,50
2872,50
2873,50
2874,50
2875,50
2876,50
2877,50
2878,50
2879,50
2880,50
2881,50
2882,50
2883,50
2884,50
2885,50
2886,50
2887,50
2888,50
2889,50
2890,50
2891,50
2892,50
2893,50
2894,50
2895,50
2896,50
2897,50
2898,50
2899,50
2900,50
2901,50
2902,50
2903,50
2904,50
2905,50
2906,50
2907,50
2908,50
2909,50
2910,50
2911,50
2912,50
2913,50
2914,50
2915,50
2916,50
2917,50
2918,50
2919,50
2920,50
2921,50
2922,50
2923,50
2924,50
2925,50
2926,50
2927,50
2928,50
2929,50
2930,68
2931,67
2932,61
2933,60
2934,58
2935,59
2936,57
2937,57
2938,57
2939,57
2940,57
2941,57
2942,57
2943,57
2944,57
2945,57
2946,57
2947,57
2948,57
2949,57
2950,57
2951,57
2952,57
2953,57
2954,57
2955,57
2956,57
2957,57
2958,57
2959,57
2960,57
2961,57
2962,57
2963,57
2964,57
2965,57
2966,57
2967,57
2968,57
2969,57
2970,57
2971,57
2972,57
2973,57
2974,57
2975,57
2976,57
2977,57
2978,57
2979,57
2980,57
2981,57
2982,57
2983,57
2984,57
2985,57
2986,57
2987,57
2988,57
2989,57
2990,57
2991,57
2992,57
2993,57
2994,57
2995,57
2996,57
2997,57
2998,57
2999,57
3000,57
3001,57
3002,57
3003,57
3004,57
3005,57
3006,57
3007,57
3008,57
3009,57
3010,57
3011,57
3012,57
3013,57
3014,57
3015,57
3016,57
3017,57
3018,57
3019,57
3020,57
3021,57
3022,57
3023,57
3024,57
3025,57
3026,57
3027,57
3028,57
3029,57
3030,57
3031,57
3032,57
3033,57
3034,57
3035,57
3036,57
3037,57
3038,57
3039,57
3040,57
3041,57
3042,57
3043,57
3044,57
3045,57
3046,57
3047,57
3048,57
3049,57
3050,57
3051,57
3052,57
3053,57
3054,57
3055,57
3056,67
3057,61
3058,61
3059,60
3060,60
3061,58
3062,58
3063,58
3064,58
3065,58
3066,58
3067,58
3068,58
3069,58
3070,58
3071,58
3072,58
3073,58
3074,58
3075,58
3076,58
3077,58
3078,58
3079,58
3080,58
3081,58
3082,58
3083,58
3084,58
3085,58
3086,58
3087,58
3088,58
3089,58
3090,58
3091,58
3092,58
3093,58
3094,58
3095,58
3096,58
3097,58
3098,58
3099,58
3100,58
3101,58
3102,58
3103,58
3104,58
3105,58
3106,58
3107,58
3108,58
3109,58
3110,58
3111,58
3112,58
3113,58
3114,58
3115,58
3116,58
3117,58
3118,58
3119,58
3120,58
3121,58
3122,58
3123,58
3124,58
3125,58
3126,58
3127,58
3128,58
3129,58
3130,58
3131,58
3132,58
3133,58
3134,58
3135,58
3136,58
3137,58
3138,58
3139,58
3140,58
3141,58
3142,58
3143,58
3144,58
3145,58
3146,58
3147,58
3148,58
3149,58
3150,58
3151,58
3152,58
3153,58
3154,58
3155,58
3156,58
3157,58
3158,58
3159,58
3160,58
3161,58
3162,58
3163,58
3164,58
3165,58
3166,58
3167,58
3168,58
3169,58
3170,58
3171,58
3172,58
3173,58
3174,58
3175,58
3176,58
3177,58
3178,68
3179,61
3180,61
3181,60
3182,90
3183,85
3184,61
3185,59
3186,59
3187,59
3188,59
3189,59
3190,59
3191,59
3192,59
3193,59
3194,59
3195,59
3196,59
3197,59
3198,59
3199,59
3200,59
3201,59
3202,59
3203,59
3204,59
3205,59
3206,59
3207,59
3208,59
3209,59
3210,59
3211,59
3212,59
3213,59
3214,59
3215,59
3216,59
3217,59
3218,59
3219,59
3220,59
3221,59
3222,59
3223,59
3224,59
3225,59
3226,59
3227,59
3228,59
3229,59
3230,59
3231,59
3232,59
3233,59
3234,59
3235,59
3236,59
3237,59
3238,59
3239,59
3240,59
3241,59
3242,59
3243,59
3244,59
3245,59
3246,59
3247,59
3248,59
3249,59
3250,59
3251,59
3252,59
3253,59
3254,59
3255,59
3256,59
3257,59
3258,59
3259,59
3260,59
3261,59
3262,59
3263,59
3264,59
3265,59
3266,59
3267,59
3268,59
3269,59
3270,59
3271,59
3272,59
3273,59
3274,59
3275,59
3276,59
3277,59
3278,59
3279,59
3280,59
3281,59
3282,59
3283,59
3284,59
3285,59
3286,59
3287,59
3288,59
3289,59
3290,59
3291,59
3292,59
3293,59
3294,59
3295,59
3296,59
3297,59
3298,59
3299,59
3300,59
3301,59
3302,59
3303,67
3304,85
3305,62
3306,60
3307,60
3308,60
3309,60
3310,60
3311,60
3312,60
3313,60
3314,60
3315,60
3316,60
3317,60
3318,60
3319,60
3320,60
3321,60
3322,60
3323,60
3324,60
3325,60
3326,60
3327,60
3328,60
3329,60
3330,60
3331,60
3332,60
3333,60
3334,60
3335,60
3336,60
3337,60
3338,60
3339,60
3340,60
3341,60
3342,60
3343,60
3344,60
3345,60
3346,60
3347,60
3348,60
3349,60
3350,60
3351,60
3352,60
3353,60
3354,60
3355,60
3356,60
3357,60
3358,60
3359,60
3360,60
3361,60
3362,60
3363,60
3364,60
3365,60
3366,60
3367,60
3368,60
3369,60
3370,60
3371,60
3372,60
3373,60
3374,60
3375,60
3376,60
3377,60
3378,60
3379,60
3380,60
3381,60
3382,60
3383,60
3384,60
3385,60
3386,60
3387,60
3388,60
3389,60
3390,60
3391,60
3392,60
3393,60
3394,60
3395,60
3396,60
3397,60
3398,60
3399,60
3400,60
3401,60
3402,60
3403,60
3404,60
3405,60
3406,60
3407,60
3408,60
3409,91
3410,89
5805,67
5806,67
5807,67
5808,67
5809,67
5810,67
5811,67
5812,67
5813,67
5814,67
5815,67
5816,67
5817,67
5818,67
5819,67
5820,67
5821,67
5822,67
5823,67
5824,67
5825,67
5826,67
5827,67
5828,67
5829,67
5830,67
5831,67
5832,67
5833,67
5834,67
5835,67
5836,67
5837,67
5838,67
5839,67
5840,67
5841,67
5842,67
5843,67
5844,67
5845,67
5846,67
5847,67
5848,67
5849,67
5850,67
5851,67
5852,67
5853,67
5854,67
5855,67
5856,67
5857,67
5858,67
5859,67
5860,67
5861,67
5862,67
5863,67
5864,67
5865,67
5866,67
5867,67
5868,67
5869,67
5870,67
5871,67
5872,67
5873,67
5874,67
5875,67
5876,67
5877,67
5878,67
5879,67
5880,67
5881,67
5882,67
5883,67
5884,67
5885,67
5886,67
5887,67
5888,67
5889,67
5890,67
5891,67
5892,67
5893,67
5894,67
5895,67
5896,67
5897,67
5898,67
5899,73
5900,73
5901,71
5902,68
5903,68
5904,68
5905,68
5906,68
5907,68
5908,68
5909,68
5910,68
5911,68
5912,68
5913,68
5914,68
5915,68
5916,68
5917,68
5918,68
5919,68
5920,68
5921,68
5922,68
5923,68
5924,68
5925,68
5926,68
5927,68
5928,68
5929,68
5930,68
5931,68
5932,68
5933,68
5934,68
5935,68
5936,68
5937,68
5938,68
5939,68
5940,68
5941,68
5942,68
5943,68
5944,68
5945,68
5946,68
5947,68
5948,68
5949,68
5950,68
5951,68
5952,68
5953,68
5954,68
5955,68
5956,68
5957,68
5958,68
5959,68
5960,68
5961,68
5962,68
5963,68
5964,68
5965,68
5966,68
5967,68
5968,68
5969,68
5970,68
5971,68
5972,68
5973,68
5974,68
5975,68
5976,68
5977,68
5978,68
5979,102
5980,71
5981,70
5982,70
5983,69
5984,69
5985,69
5986,69
5987,69
5988,69
5989,69
5990,69
5991,69
5992,69
5993,69
5994,69
5995,69
5996,69
5997,69
5998,69
5999,69
6000,69
6001,69
6002,69
6003,69
6004,69
6005,69
6006,69
6007,69
6008,69
6009,69
6010,69
6011,69
6012,69
6013,69
6014,69
6015,69
6016,69
6017,69
6018,69
6019,69
6020,69
6021,69
6022,69
6023,69
6024,69
6025,69
6026,69
6027,69
6028,69
6029,69
6030,69
6031,69
6032,69
6033,69
6034,69
6035,69
6036,69
6037,69
6038,69
6039,69
6040,69
6041,69
6042,69
6043,69
6044,69
6045,69
6046,69
6047,69
6048,69
6049,69
6050,69
6051,69
6052,69
6053,69
6054,69
6055,69
6056,69
6057,69
6058,69
6059,69
6060,69
6061,69
6062,69
6063,69
6064,69
6065,69
6066,69
6067,69
6068,69
6069,102
6070,72
6071,71
6072,70
6073,70
6074,70
6075,70
6076,70
6077,70
6078,70
6079,70
6080,70
6081,70
6082,70
6083,70
6084,70
6085,70
6086,70
6087,70
6088,70
6089,70
6090,70
6091,70
6092,70
6093,70
6094,70
6095,70
6096,70
6097,70
6098,70
6099,70
6100,70
6101,70
6102,70
6103,70
6104,70
6105,70
6106,70
6107,70
6108,70
6109,70
6110,70
6111,70
6112,70
6113,70
6114,70
6115,70
6116,70
6117,70
6118,70
6119,70
6120,70
6121,70
6122,70
6123,70
6124,70
6125,70
6126,70
6127,70
6128,70
6129,70
6130,70
6131,70
6132,70
6133,70
6134,70
6135,70
6136,70
6137,70
6138,70
6139,70
6140,70
6141,70
6142,70
6143,70
6144,70
6145,70
6146,70
6147,70
6148,70
6149,70
6150,70
6151,70
6152,70
6153,70
6154,70
6155,70
6156,70
6157,70
6158,70
6159,70
6160,70
6161,70
6162,70
6163,70
6164,70
6165,70
6166,70
6167,70
6168,70
6169,70
6170,70
6171,70
6172,70
6173,70
6174,72
6175,71
6176,71
6177,71
6178,71
6179,71
6180,71
6181,71
6182,71
6183,71
6184,71
6185,71
6186,71
6187,71
6188,71
6189,71
6190,71
6191,71
6192,71
6193,71
6194,71
6195,71
6196,71
6197,71
6198,71
6199,71
6200,71
6201,71
6202,71
6203,71
6204,71
6205,71
6206,71
6207,71
6208,71
6209,71
6210,71
6211,71
6212,71
6213,71
6214,71
6215,71
6216,71
6217,71
6218,71
6219,71
6220,71
6221,71
6222,71
6223,71
6224,71
6225,71
6226,71
6227,71
6228,71
6229,71
6230,71
6231,71
6232,71
6233,71
6234,71
6235,71
6236,71
6237,71
6238,71
6239,71
6240,71
6241,71
6242,71
6243,71
6244,71
6245,71
6246,71
6247,71
6248,71
6249,71
6250,71
6251,71
6252,71
6253,71
6254,71
6255,71
6256,71
6257,71
6258,71
6259,71
6260,71
6261,71
6262,71
6263,71
6264,71
6265,71
6266,71
6267,71
6268,71
6269,71
6270,71
6271,71
6272,71
6273,71
6274,71
6275,100
6276,72
6277,72
6278,72
6279,72
6280,72
6281,72
6282,72
6283,72
6284,72
6285,72
6286,72
6287,72
6288,72
6289,72
6290,72
6291,72
6292,72
6293,72
6294,72
6295,72
6296,72
6297,72
6298,72
6299,72
6300,72
6301,72
6302,72
6303,72
6304,72
6305,72
6306,72
6307,72
6308,72
6309,72
6310,72
6311,72
6312,72
6313,72
6314,72
6315,72
6316,72
6317,72
6318,72
6319,72
6320,72
6321,72
6322,72
6323,72
6324,72
6325,72
6326,72
6327,72
6328,72
6329,72
6330,72
6331,72
6332,72
6333,72
6334,72
6335,72
6336,72
6337,72
6338,72
6339,72
6340,72
6341,72
6342,72
6343,72
6344,72
6345,72
6346,72
6347,72
6348,72
6349,72
6350,72
6351,72
6352,72
6353,72
6354,72
6355,72
6356,72
6357,72
6358,72
6359,72
6360,72
6361,72
6362,72
6363,72
6364,72
6365,72
6366,72
6367,72
6368,72
6369,72
6370,72
6371,72
6372,72
6373,72
6374,72
6375,72
6376,72
6377,72
6378,72
6379,72
6380,72
6381,72
6382,73
6383,73
6384,73
6385,73
6386,73
6387,73
6388,73
6389,73
6390,73
6391,73
6392,73
6393,73
6394,73
6395,73
6396,73
6397,73
6398,73
6399,73
6400,73
6401,73
6402,73
6403,73
6404,73
6405,73
6406,73
6407,73
6408,73
6409,73
6410,73
6411,73
6412,73
6413,73
6414,73
6415,73
6416,73
6417,73
6418,73
6419,73
6420,73
6421,73
6422,73
6423,73
6424,73
6425,73
6426,73
6427,73
6428,73
6429,73
6430,73
6431,73
6432,73
6433,73
6434,73
6435,73
6436,73
6437,73
6438,73
6439,73
6440,73
6441,73
6442,73
6443,73
6444,73
6445,73
6446,73
6447,73
6448,73
6449,73
6450,73
6451,73
6452,73
6453,73
6454,73
6455,73
6456,73
6457,73
6458,73
6459,73
6460,73
6461,73
6462,73
6463,73
6464,73
6465,73
6466,73
6467,73
6468,73
6469,73
6470,73
6471,73
6472,73
6473,73
6474,73
6475,73
6476,73
6477,73
6478,73
6479,73
6480,73
6481,73
6482,73
6483,73
6484,73
6485,73
6486,74
6487,74
6488,74
6489,74
6490,74
6491,74
6492,74
6493,74
6494,74
6495,74
6496,74
6497,74
6498,74
6499,74
6500,74
6501,74
6502,74
6503,61
6504,90
6505,75
6506,75
6507,75
6508,75
6509,75
6510,61
6511,61
6512,61
6513,61
6514,61
6515,61
6516,61
6517,61
6518,76
6519,76
6520,76
6521,76
6522,76
6523,61
6524,61
6525,61
6526,77
6527,77
6528,77
6529,77
6530,77
6531,61
6532,61
6533,61
6534,61
6535,61
6536,61
6538,78
6539,78
6540,78
6541,78
6542,78
6543,79
6544,79
6545,79
6546,79
6547,79
6548,61
6549,61
6550,61
6551,61
6552,61
6553,61
6554,80
6555,80
6556,80
6557,80
6558,80
6559,81
6560,81
6561,81
6562,81
6563,81
6564,81
6565,81
6566,81
6567,81
6568,81
6569,81
6570,81
6571,81
6572,81
6573,81
6574,81
6575,81
6576,82
6577,82
6578,82
6579,82
6580,82
6581,82
6582,82
6583,82
6584,82
6585,82
6586,82
6587,82
6588,82
6589,82
6590,82
6591,82
6592,96
6593,96
6594,83
6595,83
6596,83
6597,83
6598,84
6599,84
6600,84
6601,84
6604,100
6605,100
6606,86
6607,86
6613,92
6614,92
6615,92
6616,92
6617,87
6618,87
6619,88
6620,88
6621,88
6622,88
6623,89
6624,89
6625,89
6626,89
6627,89
6628,89
6629,89
6630,89
6631,89
6632,89
6633,89
6634,90
6635,90
6636,90
6637,90
6638,90
6639,90
6640,90
6641,90
6642,90
6643,90
6644,90
6645,90
6646,91
6647,91
6648,91
6649,91
6650,91
6651,91
6652,91
6653,91
6654,91
6655,91
6656,91
6657,91
6658,91
6659,92
6660,93
6661,93
6662,93
6663,93
6664,93
6665,93
6666,93
6667,93
6668,93
6669,93
6670,93
6671,93
6672,93
6673,93
6674,94
6675,94
6676,94
6677,94
6678,94
6679,94
6680,94
6681,94
6682,94
6683,94
6684,94
6685,94
6686,94
6687,94
6688,95
6689,95
6690,95
6691,95
6692,95
6693,95
6694,95
6695,95
6696,95
6697,95
6698,95
6699,95
6700,95
6701,95
6702,95
6703,96
6704,96
6705,96
6706,96
6707,96
6708,96
6709,96
6710,96
6711,96
6712,96
6713,96
6714,96
6715,96
6716,96
6717,97
6718,97
6719,97
6720,97
6721,97
6722,97
6723,97
6724,97
6725,97
6726,97
6727,97
6728,97
6729,97
6730,97
6731,98
6732,98
6733,98
6734,98
6735,98
6736,98
6737,98
6738,98
6739,98
6740,98
6741,98
6742,98
6743,98
6744,98
6745,98
6746,98
6747,98
6748,99
6749,99
6750,99
6751,99
6752,99
6753,99
6754,99
6755,99
6756,99
6757,99
6758,99
6759,99
6760,99
6761,99
6762,100
6763,100
6764,100
6765,100
6766,100
6767,100
6768,100
6769,100
6770,100
6771,100
6772,100
6773,101
6774,101
6775,101
6776,101
6777,101
6778,101
6779,101
6780,101
6781,101
6782,101
6783,101
6784,101
6785,101
6786,101
6787,101
6788,102
6789,102
6790,102
6791,102
6792,102
6793,102
6794,102
6795,102
6796,102
6797,102
6798,102
6799,102
2413,103
2414,103
2415,103
2416,103
2417,103
2418,103
2419,103
2420,103
2421,103
2422,103
2423,103
2424,103
2425,103
2426,103
2427,103
2564,103
2565,103
2566,103
2567,103
6537,103
6602,103
6603,103
6608,103
6609,103
6610,103
6611,103
6612,103
3904,64
3584,64
3412,64
3912,64
3413,64
3416,64
3836,64
3838,64
3845,64
3873,64
3874,64
3714,64
5323,64
5324,64
5331,64
5332,64
5333,64
3586,64
5334,64
5338,64
5341,64
3589,64
4842,64
3423,64
3590,64
3594,64
5382,64
5398,64
5412,64
5418,64
3596,64
3598,64
5219,64
5237,64
5242,64
5243,64
5267,64
5271,64
3603,64
5302,64
3604,64
5308,64
5310,64
3606,64
5124,64
5144,64
3428,64
5190,64
3615,64
5200,64
4746,64
3620,64
3623,64
5021,64
3434,64
5091,64
3632,64
3634,64
3635,64
3439,64
3440,64
3883,64
4637,64
4986,64
3443,64
3884,64
3445,64
5000,64
4863,64
3448,64
4881,64
3453,64
3664,64
3455,64
4904,64
4068,64
4845,64
3670,64
3462,64
3464,64
4783,64
4788,64
3470,64
4798,64
4810,64
4820,64
4828,64
3472,64
3473,64
4838,64
3476,64
4658,64
4696,64
3478,64
3479,64
4715,64
4640,64
4737,64
3484,64
3485,64
4553,64
3490,64
4571,64
4579,64
4584,64
3496,64
3497,64
3499,64
4611,64
4624,64
4626,64
4445,64
3511,64
4469,64
4537,64
4330,64
4332,64
4378,64
4385,64
4391,64
4416,64
4438,64
4216,64
4224,64
4226,64
4231,64
4257,64
4266,64
4284,64
4288,64
4301,64
4307,64
4180,64
4190,64
4191,64
4192,64
3970,64
4034,64
4052,64
5713,64
5714,64
5715,64
5716,64
5717,64
5718,64
5719,64
5720,64
5721,64
5722,64
5723,64
5724,64
5725,64
3672,64
5726,64
5727,64
5728,64
5729,64
5730,64
5731,64
5732,64
5733,64
5734,64
5735,64
5736,64
5737,64
5738,64
5739,64
3673,64
5517,64
5740,64
5741,64
5742,64
5743,64
5744,64
5745,64
5746,64
5747,64
5748,64
5749,64
5516,64
5750,64
5751,64
3521,64
5752,64
5753,64
5754,64
5755,64
5756,64
5757,64
5758,64
5759,64
3674,64
5760,64
3675,64
5761,64
5521,64
5522,64
5523,64
5524,64
5525,64
5762,64
3522,64
5763,64
5764,64
5765,64
5766,64
3523,64
3524,64
3525,64
5767,64
5768,64
3526,64
3527,64
3528,64
5769,64
5770,64
3529,64
3530,64
5771,64
3531,64
3532,64
3533,64
5457,64
3534,64
5772,64
5773,64
3535,64
5774,64
5775,64
5776,64
5777,64
5778,64
5779,64
5780,64
5781,64
5782,64
5783,64
5784,64
5785,64
5786,64
5787,64
5788,64
5789,64
5790,64
5791,64
5792,64
5793,64
5794,64
5795,64
5796,64
5797,64
5798,64
5799,64
5800,64
5801,64
5802,64
5803,64
5700,64
5701,64
5703,64
5704,64
3677,64
5705,64
5706,64
5707,64
3554,64
5009,64
5709,64
5710,64
3555,64
5690,64
5692,64
5695,64
5675,64
4747,64
3680,64
5677,64
3681,64
5681,64
3683,64
3684,64
5665,64
5667,64
5668,64
4748,64
3688,64
5621,64
5623,64
5598,64
5576,64
5577,64
3558,64
3690,64
5582,64
5527,64
5528,64
5529,64
5561,64
3576,64
3579,64
3581,64
5502,64
3907,65
3753,65
3935,65
3860,65
5320,65
5324,65
3585,65
5331,65
5332,65
3586,65
5334,65
5338,65
5339,65
3588,65
5345,65
5364,65
5418,65
5214,65
3425,65
3599,65
3600,65
5244,65
3605,65
3607,65
5010,65
5114,65
5124,65
3428,65
3610,65
3621,65
3626,65
3434,65
3631,65
5100,65
3436,65
4927,65
4930,65
4937,65
3438,65
4638,65
3884,65
3648,65
3652,65
4858,65
3887,65
3888,65
3657,65
4903,65
4913,65
3459,65
3892,65
4776,65
3468,65
4781,65
4783,65
4784,65
4639,65
4791,65
3470,65
3896,65
3473,65
4840,65
3897,65
3898,65
4672,65
4676,65
4702,65
3482,65
4733,65
4547,65
3485,65
4551,65
4578,65
4070,65
4592,65
4599,65
3500,65
4605,65
3505,65
4616,65
4635,65
4443,65
4466,65
4478,65
4484,65
4524,65
4380,65
4202,65
4216,65
4222,65
4246,65
4293,65
4307,65
4135,65
4158,65
5713,65
5723,65
5727,65
5733,65
5517,65
5740,65
5754,65
5755,65
5756,65
5757,65
5758,65
5759,65
3674,65
3675,65
5761,65
5768,65
3526,65
3527,65
3528,65
5804,65
5700,65
5701,65
5703,65
5704,65
3677,65
5705,65
5706,65
5708,65
3554,65
5709,65
3679,65
4747,65
5680,65
3682,65
5684,65
5661,65
3685,65
5673,65
5644,65
5646,65
5656,65
3556,65
5602,65
5582,65
5554,65
5556,65
5530,65
3576,65
5520,65
3577,65
5490,65
5505,65
5700,63
5701,63
5702,63
5703,63
5704,63
3677,63
5705,63
5706,63
5707,63
5708,63
3554,63
5009,63
5709,63
3678,63
5710,63
5711,63
5712,63
5685,63
5686,63
5687,63
3679,63
5688,63
5689,63
3555,63
5690,63
5691,63
5692,63
5693,63
5694,63
5695,63
5696,63
5697,63
5698,63
5699,63
5643,63
5644,63
5645,63
5646,63
5647,63
5648,63
5649,63
5650,63
5651,63
5652,63
5653,63
5654,63
5655,63
5656,63
5657,63
5658,63
5659,63
5804,64
2365,62
6800,62
6801,62
6802,62
6803,62
6804,62
6805,62
6806,62
6807,62
6808,62
6809,62
6810,62
6811,62
6812,62
6813,62
6814,62
6815,62
6816,62
6817,62
6818,62
6819,62
6820,62
6821,62
6822,62
6823,62
6824,62
6825,62
6826,62
6827,62
6828,62
6829,62
6830,62
6831,62
6832,62
6833,62
6834,62
6835,62
6836,62
6837,62
6838,62
6839,62
6840,62
6841,62
6842,62
6843,62
6844,62
6845,62
6846,62
6847,62
6848,62
6849,62
6850,62
6851,62
6852,62
6853,62
6854,62
6855,62
6856,62
6857,62
6858,62
6859,62
6860,62
6861,62
6862,62
6863,62
6864,62
6865,62
6866,62
6867,62
6868,62
6869,62
6870,62
6871,62
6872,62
6873,62
6874,62
6875,62
6876,62
6877,62
6878,62
6879,62
6880,62
6881,62
6882,62
6883,62
6884,62
6885,62
6886,62
6887,62
6888,62
6889,62
6890,62
6891,62
6892,62
6893,62
6894,62
6895,62
6896,62
6897,62
6898,62
6899,62
6900,62
6901,62
6902,62
6903,62
6904,62
2491,62
6269,62
2447,62
6605,62
2576,62
6722,62
6905,61
6906,61
6907,61
6908,61
6909,61
6910,61
6911,61
6912,61
6913,61
6914,61
6915,61
6916,61
6917,61
6918,61
6919,61
6920,61
6921,61
6922,61
6923,61
6924,61
6925,61
6926,61
6927,61
6928,61
6929,61
6930,61
6931,61
6932,61
6933,61
6934,61
6935,61
6936,61
6937,61
6938,61
6939,61
6940,61
6941,61
6942,61
6943,61
6944,61
6945,61
6946,61
6947,61
6948,61
6949,61
6950,61
6951,61
6952,61
6953,61
6954,61
6955,61
6956,61
6957,61
6958,61
6959,61
6960,61
6961,61
6962,61
6963,61
6964,61
6965,61
6966,61
6967,61
6968,61
3183,61
6173,61
6032,61
6051,61
2544,61
2354,61
5843,61
6892,61
3305,60
2775,60
2356,60
2463,60
2470,60
3184,59
2311,59
2544,59
2352,59
2378,59
2465,59
3060,58
2397,58
2935,57
2676,57
2367,57
2377,57
2379,57
2477,52
2479,52
2480,52
2481,52
2482,52
2483,52
2484,52
2485,52
2486,52
2487,52
2488,52
2489,52
2490,52
2492,52
2493,52
2494,52
2495,52
2496,52
2497,52
2498,52
2499,52
2500,52
2501,52
2502,52
2503,52
2504,52
2505,52
2506,52
2507,52
2508,52
2509,52
2510,52
2511,52
2512,52
2513,52
2515,52
2516,52
2517,52
2518,52
2519,52
2520,52
2521,52
2326,52
2522,52
2523,52
2524,52
2525,52
2526,52
2527,52
2528,52
2529,52
2530,52
2531,52
2532,52
2533,52
2535,52
2536,52
2537,52
2538,52
2539,52
2540,52
2541,52
2542,52
2543,52
2544,52
2545,52
2546,52
2547,52
2548,52
2549,52
2342,52
2550,52
2551,52
2552,52
2553,52
2554,52
2555,52
2556,52
2557,52
2558,52
2559,52
2560,52
2561,52
2562,52
2563,52
2351,52
2564,52
2565,52
2566,52
2567,52
2569,52
2570,52
2571,52
2572,52
2573,52
2574,52
2575,52
2576,52
2577,52
2578,52
2579,52
2580,52
2581,52
2582,52
2583,52
2303,51
2305,51
2306,51
2307,51
2310,51
2312,51
2315,51
2316,51
2317,51
2318,51
2319,51
2321,51
2322,51
2324,51
2325,51
2327,51
2328,51
2329,51
2330,51
2331,51
2333,51
2334,51
2336,51
2339,51
2341,51
2342,51
2343,51
2344,51
2345,51
2346,51
2347,51
2348,51
2350,51
2352,51
2353,51
2355,51
2356,51
2359,51
2360,51
2361,51
2363,51
2366,51
2372,51
2373,51
2374,51
2380,51
2382,51
2383,51
2386,51
2391,51
2392,51
2394,51
2395,51
2396,51
2399,51
2400,51
2401,51
2402,51
2405,51
2406,51
2407,51
2408,51
2409,51
2411,51
2413,51
2414,51
2415,51
2416,51
2417,51
2418,51
2419,51
2420,51
2421,51
2422,51
2423,51
2424,51
2425,51
2426,51
2427,51
2446,51
2447,51
2448,51
2449,51
2450,51
2451,51
2452,51
2453,51
2454,51
2455,51
2456,51
2457,51
2458,51
2459,51
2460,51
2461,51
2462,51
2463,51
2464,51
2465,51
2466,51
2467,51
2468,51
2469,51
2470,51
2471,51
2472,51
2473,51
2474,51
2475,51
2314,51
2335,51
2338,51
2340,51
2369,51
2381,51
2387,51
2393,51
2398,51
2412,51
2733,103
2476,103
2304,103
2741,103
2305,103
2765,103
2309,103
2658,103
2667,103
2674,103
2703,103
6395,103
6400,103
2481,103
5899,103
2482,103
2485,103
2486,103
6467,103
6292,103
6304,103
6305,103
6333,103
6364,103
2497,103
6205,103
2320,103
6251,103
2507,103
6261,103
6269,103
5980,103
2512,103
2515,103
6081,103
2326,103
6151,103
2527,103
2331,103
2332,103
2712,103
6032,103
6038,103
6045,103
2335,103
6060,103
2340,103
5938,103
2345,103
2556,103
2347,103
2930,103
5902,103
2562,103
2356,103
2360,103
5839,103
5845,103
5855,103
5862,103
5867,103
5877,103
5885,103
2365,103
5895,103
2368,103
6854,103
2370,103
6873,103
6896,103
2376,103
2377,103
2379,103
6551,103
3179,103
2382,103
6922,103
6532,103
6931,103
2388,103
2389,103
2391,103
6513,103
6957,103
6959,103
3310,103
3334,103
3388,103
3401,103
3188,103
3194,103
3302,103
3075,103
3080,103
3090,103
6969,103
6970,103
6971,103
6972,103
6973,103
6974,103
6975,103
6976,103
6977,103
6978,103
6979,103
6980,103
6981,103
6982,103
6983,103
6984,103
6985,103
6986,103
6987,103
6988,103
6989,103
6990,103
6991,103
6992,103
6993,103
6994,103
6995,103
6996,103
6997,103
6998,103
6999,103
7000,103
7001,103
7002,103
7003,103
7004,103
7005,103
7006,103
7007,103
7008,103
7009,103
7010,103
7011,103
7012,103
7013,103
7014,103
7015,103
7016,103
7017,103
7018,103
7019,103
7020,103
7021,103
7022,103
7023,103
7024,103
7025,103
7026,103
7027,103
7028,103
7029,103
7030,103
7031,103
7032,103
7033,103
7034,103
7035,103
7036,103
7037,103
7038,103
7039,103
7040,103
6791,103
5979,103
6794,103
2446,103
6069,103
6797,103
2447,103
6778,103
6783,103
6763,103
2572,103
6765,103
2573,103
6769,103
2575,103
6753,103
6755,103
6756,103
6722,103
6708,103
6664,103
2450,103
2582,103
6669,103
6614,103
6615,103
6616,103
6652,103
6636,103
6622,103
2468,103
2471,103
2472,103
2473,103
6589,103
2736,104
2747,104
2689,104
6382,104
6385,104
6386,104
2477,104
6393,104
6394,104
2478,104
6396,104
6400,104
6401,104
6403,104
2480,104
6407,104
2481,104
5899,104
6426,104
2317,104
2491,104
2492,104
6306,104
6329,104
2497,104
2499,104
6175,104
6185,104
2320,104
6251,104
6261,104
2512,104
2513,104
2518,104
2326,104
6160,104
2328,104
2528,104
5988,104
2330,104
5915,104
5960,104
2351,104
5832,104
2360,104
5837,104
5839,104
5840,104
5843,104
5848,104
2362,104
5877,104
5897,104
2367,104
6831,104
6835,104
6860,104
2374,104
6907,104
6525,104
2392,104
6516,104
6968,104
3058,104
3331,104
3343,104
3349,104
3388,104
3225,104
3238,104
3243,104
3250,104
3066,104
3080,104
3086,104
3093,104
3098,104
3110,104
3138,104
3153,104
3157,104
2809,104
3170,104
3177,104
2998,104
3021,104
6969,104
6983,104
6989,104
6995,104
6603,104
7008,104
7009,104
7010,104
7011,104
7012,104
7013,104
2566,104
2567,104
7015,104
7041,104
2418,104
2419,104
2420,104
7042,104
6789,104
6791,104
6792,104
2569,104
5979,104
6793,104
6795,104
2446,104
6796,104
6605,104
6765,104
2573,104
6768,104
6772,104
6749,104
6753,104
6756,104
2577,104
6732,104
6744,104
6722,104
6685,104
2449,104
6664,104
6641,104
6643,104
6622,104
2468,104
2469,104
6576,104
6591,104
